Datetime,Water Level (m)
2025-04-23 12:00:00,-0.27137017
2025-04-23 13:00:00,-0.011141204
2025-04-23 14:00:00,0.22871089
2025-04-23 15:00:00,0.41503027
2025-04-23 16:00:00,0.54547656
2025-04-23 17:00:00,0.6265052
2025-04-23 18:00:00,0.6273886
2025-04-23 19:00:00,0.49986327
2025-04-23 20:00:00,0.29551405
2025-04-23 21:00:00,0.13129337
2025-04-23 22:00:00,-0.011768683
2025-04-23 23:00:00,-0.1518079
2025-04-24 00:00:00,-0.27283457
2025-04-24 01:00:00,-0.33936125
2025-04-24 02:00:00,-0.13359652
2025-04-24 03:00:00,0.16167937
2025-04-24 04:00:00,0.3470311
2025-04-24 05:00:00,0.47480336
2025-04-24 06:00:00,0.5481564
2025-04-24 07:00:00,0.5144618
2025-04-24 08:00:00,0.35731685
2025-04-24 09:00:00,0.18515156
2025-04-24 10:00:00,0.04504891
2025-04-24 11:00:00,-0.09049676
2025-04-24 12:00:00,-0.2173211
2025-04-24 13:00:00,-0.30852312
2025-04-24 14:00:00,-0.161763
2025-04-24 15:00:00,0.2182926
2025-04-24 16:00:00,0.44559985
2025-04-24 17:00:00,0.60334533
2025-04-24 18:00:00,0.70101374
2025-04-24 19:00:00,0.67613304
2025-04-24 20:00:00,0.4781971
2025-04-24 21:00:00,0.27973583
2025-04-24 22:00:00,0.121585704
2025-04-24 23:00:00,-0.030613005
2025-04-25 00:00:00,-0.18180844
2025-04-25 01:00:00,-0.3198969
2025-04-25 02:00:00,-0.3820634
2025-04-25 03:00:00,-0.060453393
2025-04-25 04:00:00,0.29140165
2025-04-25 05:00:00,0.52200603
2025-04-25 06:00:00,0.6767106
2025-04-25 07:00:00,0.75289315
2025-04-25 08:00:00,0.6641768
2025-04-25 09:00:00,0.4380058
2025-04-25 10:00:00,0.25147375
2025-04-25 11:00:00,0.10066081
2025-04-25 12:00:00,-0.049786035
2025-04-25 13:00:00,-0.19742905
2025-04-25 14:00:00,-0.31725287
2025-04-25 15:00:00,-0.12557426
2025-04-25 16:00:00,0.3152587
2025-04-25 17:00:00,0.5620169
2025-04-25 18:00:00,0.7345109
2025-04-25 19:00:00,0.83145076
2025-04-25 20:00:00,0.75563866
2025-04-25 21:00:00,0.49645355
2025-04-25 22:00:00,0.2864172
2025-04-25 23:00:00,0.1213342
2025-04-26 00:00:00,-0.04453676
2025-04-26 01:00:00,-0.20164463
2025-04-26 02:00:00,-0.33999997
2025-04-26 03:00:00,-0.37532905
2025-04-26 04:00:00,0.055289857
2025-04-26 05:00:00,0.42420608
2025-04-26 06:00:00,0.6667625
2025-04-26 07:00:00,0.8198087
2025-04-26 08:00:00,0.8740366
2025-04-26 09:00:00,0.71961176
2025-04-26 10:00:00,0.47182867
2025-04-26 11:00:00,0.28058666
2025-04-26 12:00:00,0.10677168
2025-04-26 13:00:00,-0.06721005
2025-04-26 14:00:00,-0.22540845
2025-04-26 15:00:00,-0.3415609
2025-04-26 16:00:00,-0.12151446
2025-04-26 17:00:00,0.35642913
2025-04-26 18:00:00,0.62882864
2025-04-26 19:00:00,0.78296435
2025-04-26 20:00:00,0.83409256
2025-04-26 21:00:00,0.6861126
2025-04-26 22:00:00,0.4284002
2025-04-26 23:00:00,0.2330808
2025-04-27 00:00:00,0.06369963
2025-04-27 01:00:00,-0.10598318
2025-04-27 02:00:00,-0.2595334
2025-04-27 03:00:00,-0.3879242
2025-04-27 04:00:00,-0.31057844
2025-04-27 05:00:00,0.20610128
2025-04-27 06:00:00,0.5484014
2025-04-27 07:00:00,0.784293
2025-04-27 08:00:00,0.93112546
2025-04-27 09:00:00,0.9368654
2025-04-27 10:00:00,0.7163348
2025-04-27 11:00:00,0.47713345
2025-04-27 12:00:00,0.29088086
2025-04-27 13:00:00,0.10973543
2025-04-27 14:00:00,-0.06499027
2025-04-27 15:00:00,-0.22828153
2025-04-27 16:00:00,-0.33027515
2025-04-27 17:00:00,0.055356678
2025-04-27 18:00:00,0.48369402
2025-04-27 19:00:00,0.73261017
2025-04-27 20:00:00,0.85601145
2025-04-27 21:00:00,0.8496233
2025-04-27 22:00:00,0.6087905
2025-04-27 23:00:00,0.35954085
2025-04-28 00:00:00,0.1776417
2025-04-28 01:00:00,0.005605245
2025-04-28 02:00:00,-0.16317873
2025-04-28 03:00:00,-0.31877387
2025-04-28 04:00:00,-0.4429335
2025-04-28 05:00:00,-0.20043716
2025-04-28 06:00:00,0.34167942
2025-04-28 07:00:00,0.6739199
2025-04-28 08:00:00,0.88925695
2025-04-28 09:00:00,1.0189422
2025-04-28 10:00:00,0.9522964
2025-04-28 11:00:00,0.69456965
2025-04-28 12:00:00,0.46405888
2025-04-28 13:00:00,0.23596504
2025-04-28 14:00:00,0.03725314
2025-04-28 15:00:00,-0.13335682
2025-04-28 16:00:00,-0.28503233
2025-04-28 17:00:00,-0.36080426
2025-04-28 18:00:00,0.07871556
2025-04-28 19:00:00,0.48646414
2025-04-28 20:00:00,0.6897285
2025-04-28 21:00:00,0.75926113
2025-04-28 22:00:00,0.6690846
2025-04-28 23:00:00,0.40730253
2025-04-29 00:00:00,0.19778778
2025-04-29 01:00:00,0.024336757
2025-04-29 02:00:00,-0.14509742
2025-04-29 03:00:00,-0.29797122
2025-04-29 04:00:00,-0.43761864
2025-04-29 05:00:00,-0.5024046
2025-04-29 06:00:00,-0.024037484
2025-04-29 07:00:00,0.4243517
2025-04-29 08:00:00,0.72214085
2025-04-29 09:00:00,0.922148
2025-04-29 10:00:00,1.0123212
2025-04-29 11:00:00,0.87005365
2025-04-29 12:00:00,0.59910625
